"EmployeeId","Password","Role"
"595806","595806@Ellis","user"
"605133","605133@Graham","user"
"221023","221023@Sanchez","user"
"373011","373011@Moore","user"
"301813","301813@Cox","user"
"860919","860919@Carr","user"
"522135","522135@Cooper","user"
"979502","979502@Simpson","user"
"845298","845298@Cox","user"
"651159","651159@Harris","user"
"654661","654661@Jordan","user"
"989889","989889@Mitchell","user"
"196301","196301@Fox","user"
"467339","467339@Lopez","user"
"417958","417958@Ferguson","user"
"136536","136536@Russell","user"
"632811","632811@Roberts","user"
"448790","448790@Anderson","user"
"417624","417624@Mason","user"
"991347","991347@Thompson","user"
"436023","436023@Richardson","user"
"913304","913304@Johnson","user"
"188191","188191@Ryan","user"
"234570","234570@Wilson","user"
"773859","773859@Nelson","user"
"275728","275728@Peterson","user"
"152587","152587@Vasquez","user"
"710973","710973@Hunt","user"
"151789","151789@Anderson","user"
"846309","846309@Hudson","user"
"394724","394724@Austin","user"
"239487","239487@Mcdonald","user"
"460009","460009@Montgomery","user"
"138461","138461@Sanchez","user"
"174476","174476@Frazier","user"
"343303","343303@Barnes","user"
"704026","704026@Edwards","user"
"359319","359319@Ross","user"
"475833","475833@Martinez","user"
"645867","645867@Butler","user"
"673476","673476@Elliott","user"
"747124","747124@Scott","user"
"452550","452550@Kennedy","user"
"689163","689163@Alexander","user"
"462545","462545@Banks","user"
"466583","466583@Reyes","user"
"858341","858341@Carpenter","user"
"867129","867129@Morrison","user"
"147970","147970@Gardner","user"
"320957","320957@Day","user"
"923880","923880@Harper","user"
"471509","471509@Bryant","user"
"734254","734254@Owens","user"
"243331","243331@Medina","user"
"581608","581608@Brooks","user"
"463967","463967@Reid","user"
"277060","277060@Berry","user"
"967527","967527@Tucker","user"
"690367","690367@Shaw","user"
"673837","673837@Martin","user"
"122757","122757@Cooper","user"
"271286","271286@Wood","user"
"116441","116441@Mills","user"
"191972","191972@Kim","user"
"369472","369472@Alvarez","user"
"523745","523745@Bell","user"
"237815","237815@Coleman","user"
"555063","555063@Johnston","user"
"163002","163002@Gutierrez","user"
"323921","323921@Simmons","user"
"851849","851849@Jones","user"
"895614","895614@Nelson","user"
"384382","384382@Ryan","user"
"264863","264863@Murphy","user"
"198232","198232@Elliott","user"
"897812","897812@Payne","user"
"374976","374976@Banks","user"
"265103","265103@Black","user"
"573396","573396@Hayes","user"
"112428","112428@Kennedy","user"
"632641","632641@Clark","user"
"144198","144198@Little","user"
"404365","404365@Gilbert","user"
"937066","937066@Patterson","user"
"987968","987968@Ford","user"
"802824","802824@Miller","user"
"126458","126458@Armstrong","user"
"831559","831559@Lane","user"
"151906","151906@Gordon","user"
"829923","829923@Daniels","user"
"885678","885678@Nichols","user"
"369892","369892@Schmidt","user"
"570580","570580@Reynolds","user"
"974234","974234@Lawson","user"
"671758","671758@Murphy","user"
"706384","706384@Morrison","user"
"711957","711957@Watson","user"
"583513","583513@Cunningham","user"
"470649","470649@Lawson","user"
"868102","868102@Ross","user"
