EmployeeID,FirstName,LastName,Stream
545139,Patricia,Wagner,ABIAP
369897,Annie,Johnson,Mobility
979228,Jesse,Nelson,Mobility
989658,Dennis,Morales,ABIAP
442112,Stephanie,Carroll,Mobility
231433,Clarence,Mills,BigData
326266,Todd,Wagner,Mobility
669553,Linda,Stevens,Mobility
501208,Julia,Garcia,Mobility
890484,Lawrence,Hall,BigData
901325,Lawrence,Harper,BigData
809928,Jonathan,Lynch,Mobility
751455,Carl,Taylor,ABIAP
627281,Julia,Andrews,BigData
134779,Heather,Bell,BigData
860931,Tammy,Mason,BigData
959212,Willie,Berry,Mobility
990874,Kenneth,Jacobs,BigData
412322,John,Alvarez,ABIAP
217943,Johnny,Medina,BigData
393713,Ronald,Hicks,Mobility
630325,Tina,Simpson,ABIAP
450352,Jonathan,Holmes,ABIAP
633557,Joe,Kennedy,BigData
490146,Andrea,Morris,ABIAP
488241,Samuel,Morales,ABIAP
411495,Wayne,Fowler,ABIAP
472722,Rebecca,Reid,BigData
920655,George,Lynch,ABIAP
736151,Edward,Anderson,ABIAP
302018,Heather,Taylor,ABIAP
855153,Wanda,Mcdonald,BigData
232243,Richard,Kennedy,Mobility
774857,Andrea,Ford,BigData
724742,Anthony,Wagner,Mobility
720977,Andrew,Adams,BigData
713304,Roy,Anderson,Mobility
772164,Jacqueline,Harrison,ABIAP
275386,Nicole,Cole,Mobility
799899,Terry,Fisher,Mobility
593795,Eric,Cooper,BigData
726541,Justin,Harrison,ABIAP
697885,Joshua,Ward,BigData
467790,David,Washington,ABIAP
511223,Benjamin,Fisher,ABIAP
381874,Marilyn,Hayes,Mobility
390033,Theresa,Scott,ABIAP
951336,Shawn,Brooks,BigData
499152,Shawn,Lewis,Mobility
830975,Christopher,Mendoza,ABIAP
431721,Harold,Cruz,ABIAP
703962,Arthur,Robertson,Mobility
437399,Anne,Stanley,ABIAP
758251,Alan,Alexander,BigData
596681,Donna,Peters,ABIAP
738362,Nicholas,Ramos,Mobility
395702,Philip,Young,Mobility
404113,Timothy,Spencer,BigData
201191,Gregory,Nelson,ABIAP
319978,Joseph,Ruiz,Mobility
846162,Edward,Henry,BigData
460096,Frances,Simmons,BigData
727697,Teresa,Crawford,Mobility
313806,Carlos,Gonzalez,ABIAP
544419,Helen,Greene,Mobility
307073,Amy,Watkins,Mobility
776116,Eugene,Bowman,ABIAP
637078,Kelly,Myers,Mobility
422403,Jonathan,Ross,Mobility
280962,Jeffrey,Stevens,ABIAP
700434,Richard,Ramos,Mobility
513119,Helen,Morgan,BigData
251842,Fred,Gonzalez,ABIAP
980869,Roy,Walker,ABIAP
386657,Louis,Daniels,BigData
207151,Chris,Hudson,Mobility
396429,Russell,Williamson,Mobility
608082,Willie,Simmons,ABIAP
869164,Jimmy,Crawford,BigData
373237,Clarence,Watkins,BigData
804401,Phyllis,Henry,Mobility
445532,Raymond,Chapman,Mobility
377630,Robin,Ramirez,BigData
292563,Karen,Wagner,ABIAP
977759,Kenneth,Wagner,Mobility
883266,Philip,Stone,ABIAP
122441,Nicholas,Watson,ABIAP
601245,Sandra,Vasquez,Mobility
969832,Mildred,Gutierrez,ABIAP
803183,Lillian,Hunt,ABIAP
354658,Mildred,Williams,BigData
353276,Scott,Turner,BigData
251530,Paula,Anderson,Mobility
561473,Ralph,Harris,Mobility
216281,Jane,Porter,Mobility
641364,Terry,Reid,Mobility
677784,Kevin,Pierce,BigData
653730,Michael,Murray,Mobility
874893,Juan,Hernandez,ABIAP
380613,Laura,Williamson,BigData